Temperature,Humidity,Spray Rate,Drying Time,Quality
175.9564593241487,54.407629225803795,14.406067649074712,50.005617396042396,754.1640551200923
166.22848867360045,39.82643807267793,6.845031580384081,33.897061733295104,783.1317860693424
189.61799901270956,67.40156607643178,9.36829448834467,77.047255689384,722.429591371187
197.52066681620764,31.16866401628785,10.347157444147765,99.61919964971624,767.9272113389799
151.21096629387932,59.00900894457007,5.912890857923243,52.393743879275064,779.1540269732659
175.31685599721223,42.58147023175056,10.44030599242995,119.66494979868541,767.3042426561483
161.77854960490535,55.31034752634603,7.485771256881804,36.38137642151594,782.9793363890457
182.71124283197895,43.46675641647905,14.342146347701052,41.62102531463205,750.150251263151
196.77218715618815,44.53026738459467,14.857889226545776,53.227574656735484,736.4397520098508
158.90992368437878,35.35018215505404,10.93526863871923,41.10413400933491,785.5720016363222
196.92139357970345,57.30964783875749,13.576809967023552,64.64326863885144,741.0077611081765
180.11700629062577,41.132016393694954,12.872593752091579,111.41005781208335,774.4996014534257
199.8521397971976,37.35466315264544,9.870108275908347,63.58863454485837,754.3291700299262
174.88199473287906,64.52011256344434,6.807319364487032,43.47990515891977,752.9354182412717
162.53158981951321,44.700391770100154,10.942026065729953,95.0501380187738,789.667327236767
158.08797144325476,69.85737356160574,14.709876905374957,103.75173366634414,732.7371226987708
169.6148429848598,49.8727894449665,5.374829051665239,96.96969283228668,781.4148226044342
177.19692200445348,50.60943462109836,14.219041437956275,67.81647191413114,751.3985210930003
155.35117666875996,56.89882796888509,13.134351372631297,44.732844095367454,781.2772143398405
192.9094339824485,45.37271319759047,12.655331566079543,76.44841134168068,742.2113071586024
151.07334279253743,43.34123391361513,13.163795935705947,86.54251824159054,799.3140004821137
153.0408470841815,36.668284502883864,5.731897956080911,48.60554761549359,795.8176450692747
178.9133758286674,34.3027382492184,14.21024419605802,31.517338932579978,761.7250519150557
174.24939648534522,47.4358519778429,8.031699626439842,117.36932441669452,775.7491590400381
187.06314397911424,54.15534518019767,8.507449895911083,96.46448202943697,765.4261989722127
158.6689125493086,35.414844495555094,11.705948530416102,60.62586661728193,804.688655735858
190.08401611496527,32.287423771895185,10.182909302994322,43.830285832835116,761.4634077032811
194.1037380028175,31.757458648758572,14.68325127366529,60.21918506294218,761.0369425488786
155.9452931326725,64.97480387911037,14.183165119847086,92.83988409681149,778.4060691592276
179.8273775023621,57.16741535554914,10.35943632628957,63.693726336009114,760.5703721704018
178.928615926107,34.83620227728263,13.602600561530728,56.396444960498826,767.7370274749776
170.41411050917517,35.48067714771381,5.6634740369520395,106.08589781994688,782.7793512318286
154.53358567863916,53.40982755481428,14.460555639348321,52.54267043614268,759.1986789643156
156.47897692488203,47.235646422045,14.823984083320108,99.31444155964697,768.5868066357098
154.99049151735525,51.83453419934244,8.401028930713343,37.56944741643419,791.4488835691408
167.20583987994198,48.53566348668807,9.648129581790641,60.99595218669532,769.4056234955774
151.47973076931038,51.785089741462045,6.918001397279728,37.88452154060084,792.2079389842839
152.31712771519352,58.87547289198871,10.62459437447481,69.30309950406999,774.8181836463739
156.7485155708655,62.97382825818025,12.177428712619546,117.62126545706985,760.3722835361331
155.7646855920603,67.65167960303586,13.891510570598578,96.4698852921191,758.7695810239323
165.06071625081353,67.02096681296095,13.561058228346708,100.64105290784379,775.0693052221164
186.3750027394555,45.92030466833083,11.144022063397006,93.6573475680699,752.3798257991945
165.90094361099193,51.32839899307627,5.2629533674699935,86.47888791280374,794.6868156870355
177.51020667134878,61.778757085537436,12.766458995689291,92.95759117074465,749.3730920849043
191.18340470518962,37.974294230033934,6.515432369532302,103.68158973821461,758.8202192350159
198.4955296587021,61.07873528653112,13.808164258195557,61.84184437400896,723.9163252256625
161.45313773758497,55.253115807370534,10.839587224884784,85.88053566796165,769.9431214747533
150.41698178824888,61.98386130659181,12.570711049822249,58.49534696462753,773.3875774527885
176.56596844387917,64.94197869017738,11.960062573675785,104.56056800417568,754.0489038451528
191.3430271636287,62.183255360964516,8.91115845135359,80.57314814750507,740.4962253618422
173.494449102185,61.564077088196235,13.406219695315016,108.89554946105427,755.8706616625805
161.2827899728851,35.830582790474374,13.279400500371514,63.32573299079106,772.3119933639814
199.1603221549074,38.362120879706254,7.6112740581143745,95.63683936438673,741.3070618584433
191.54795254215136,50.432368344214964,8.687603757548457,70.16926864216887,739.7555160728693
190.10835078821356,52.52705605796427,9.581901434470968,94.9113554735086,750.7333582781414
151.94575193457868,42.31291724902695,13.164314589474413,115.30990543167776,779.7648009563959
158.79203982113037,58.83969555794789,11.471216121826934,66.67805149127494,760.3493074795749
155.3895437759276,56.445661353761125,7.823880920726333,118.41587068097796,776.488591011237
166.20317623604308,40.89705860356541,8.792251322692108,81.16248649600095,780.4200091822256
164.7255554783998,57.20455700340058,8.645653161633874,45.94253681045481,751.1630314152362
163.8006148238037,62.57949903966288,11.712609528781837,116.86573101011311,768.2300452552532
196.82900300307386,61.53132869501536,5.447286354500198,75.44264246097231,746.2835076040931
186.2312060737867,41.916884856780335,9.522155216198756,100.23655595293597,766.9370194413473
197.25718619228087,62.72149205102729,12.25998385085948,100.21917642668068,734.5764395049433
192.34434217760474,63.2544612128762,11.177739690012135,83.31159052654678,720.9865596434503
192.1983473131731,43.958830224111196,13.984139223857087,36.69751804159189,749.6990689569496
171.37824742888108,67.78025512962657,11.10500407175521,72.09242181136688,744.4228494532421
185.71955605498147,45.39658060681664,6.528133451057854,68.96614507031063,748.5056172446684
151.71111789961475,53.63288811946815,13.614693787334312,107.30223711233161,778.4682071083399
180.59447350095326,64.08225831709687,13.693511904282223,119.20105322911367,731.4165635991078
193.99238291317138,63.572023374446154,7.363608367885774,35.819312487428974,755.5691269124379
191.30884089957507,32.83255163113222,14.51488618135229,46.124924358627936,786.1282631639341
195.7101018095463,63.95711449813536,14.0345556383857,83.19108290470511,726.7418808019214
154.91509940069287,60.83358145453978,5.534552692387242,79.00968747707674,784.6703823814622
158.40795364099793,56.193951655405094,9.352170200020467,62.98495143268354,763.1630949035856
166.45534863463521,53.79452823848425,11.18638207220765,60.15789592939838,775.7032397516856
169.7627516326977,37.96920848690458,13.369483252271682,63.503588093689345,794.1775081173606
173.4881428443766,60.25682581212853,7.64865831529284,116.14154042036485,749.9720811872188
191.0376081381455,51.53355696773439,12.827063777500602,97.07335280804907,747.4655574449439
166.60108894213755,44.38464527937264,12.89220430660885,77.7714917293055,763.9089526009465
195.3368850856803,50.20558531871949,5.395712344547271,102.52599072723538,744.8662879806558
154.91071813246324,40.610785931856086,6.405258277082167,68.98061903692697,797.0606845344291
176.38102385092316,35.742223077236275,10.662817195450051,108.33867190413602,772.0170285945997
158.70992360980486,53.83451836160731,10.298034053709273,71.94864107500793,763.4797643535438
192.04453285046955,32.92583302623346,14.355504521610227,65.75648033622905,752.2473748852397
163.55129515669748,64.52199869683503,7.01884916447986,57.04008282307916,755.9946546318919
169.73727069228727,46.87940630977157,10.105086542769335,30.796299051132127,772.649733938278
199.69653635831367,49.68473748083309,11.543145311516808,55.741054956680216,740.222804096417
176.30287391030117,55.40070454148896,11.366323969806375,37.10765785503394,779.481523496247
171.0779976232422,44.08666806275499,5.623529774679418,69.15730460986997,793.9202312332183
169.05957682031146,55.938914783067375,8.726829498148376,106.22325523686476,766.1707566849251
178.32522331600373,65.35782678293418,10.760216243200412,74.28646044956827,755.7671994539542
175.72298486522786,47.899433035108174,13.250626696016033,101.87759082335917,772.7380317756131
168.53672006693733,64.62104163484828,13.753028930308359,77.13832379793428,759.8742398393215
164.25211009146736,31.159683869529744,8.94265146801264,85.51927246477939,794.803275646057
169.70284369865794,31.068515967531066,13.916775696401912,92.20997721477468,790.3600028142597
156.6618839086443,58.84371145975035,10.542374352595164,70.23062280436646,776.1203790030304
163.13910182520007,58.941621108911654,13.009480960075848,87.81339172264566,768.0771577528953
162.07377660087184,67.32185719539298,7.958197122816096,101.46649110267246,774.3839323677273
151.60353723671025,58.597638677765346,8.2422338757066,59.53036302674437,767.4990173724327
197.1300485988952,62.48252511672491,13.76909857840127,105.60502023506957,726.457743956117
187.50500182438552,69.17120901701999,10.149136283868849,63.71408625583415,719.1344965155453
199.72082953748986,30.19083553110391,12.3919641769468,42.02136350809867,756.6889967070521
167.74090516159322,35.549474835097385,14.20524182537703,91.98356917589362,777.544872260529
165.9058794908139,35.29634103415115,12.071109348283631,109.83464936228415,778.7953132204666
183.10318768290523,64.85468061240765,11.503549023227805,59.48904441984942,751.5766964944742
180.17003586999658,65.9599836109627,7.9832391511210234,69.07902729219556,747.9567561740173
189.21609466843233,35.428465405353855,9.955094869200643,47.88852292980079,759.0405169312917
198.0790146074605,44.0711380961573,14.090301002467505,71.58585331922971,749.4962673820047
199.4205430368291,33.78892484965921,9.080271309980247,78.2801852128564,760.0366808922824
156.56159939449196,46.801464902341934,5.620799041993868,48.93402387598035,787.8861965573655
183.35351150618072,32.615550422295144,9.317486936637795,87.05923922502755,770.8967131427748
167.05182884616784,44.22006232944888,5.498436082972551,100.31764923433785,782.6216536689227
160.2978078030999,38.163211760363524,11.175035612309996,99.44489177034703,776.8600280801726
181.42827021504465,53.87815417183603,5.367401570912225,39.16222407731956,776.0336986461359
164.11607009864434,33.15010224429229,11.149786701331998,83.75174028486498,789.7495451408363
188.48726683770175,63.344018985062476,5.33234645796605,40.2486117227805,742.6554045728639
187.1892239107839,50.96901030735547,14.815998571763481,89.13574821125594,757.4819932502983
178.00184146843452,42.84946785143929,13.649472051612962,40.15195378701603,759.5607185620142
185.61936168206026,41.576382906560184,11.171889992279194,119.46041326100938,748.1095996783137
161.18718035142126,53.878167221962606,13.844938897257475,97.07916697913761,779.3514026416306
166.72347323339406,42.644270625671346,8.701364333769586,84.23573931384519,787.1794219680938
199.6013278713482,38.146010310635305,7.348441731179687,65.26588852126838,750.186472291604
162.30310587055016,57.0669931492317,5.62650568890855,113.39506748860201,771.7052709635185
151.8650159662341,53.985047172919074,12.792675939986976,83.65728931617744,781.0258793622162
177.38946184076732,42.36528865706936,6.983403417113351,37.31980635563704,760.947717531665
166.54912320049857,34.290922355856324,9.423238097921569,52.414638332360276,803.8307018939863
193.64643571414362,35.88278962634684,7.973005202928207,68.82543079253321,760.3477975501559
155.2408839342646,53.32151018510352,13.808951222710405,70.16844273565775,775.4227415858403
195.60784984286363,63.962230129383,7.179530074200448,111.17162461171125,717.991303868822
175.12621210695724,66.67714827236829,12.657620337119416,51.548351180057765,746.1520824329313
160.24021251398472,49.751947626726775,8.267917178903136,46.74769731659714,776.9877413473408
197.50626920369808,56.919596589730375,12.057198942360028,80.57845260032168,754.4039653790912
182.89890802354688,36.04020753733173,6.6764643375467925,66.33377492959518,753.2336665929987
174.49079261714812,57.50016407082761,9.79457182693876,90.26608042444192,753.4380140461443
189.43071062321755,49.436306721118626,10.148448007353396,105.45523829851098,749.0353701599013
170.96110553573277,46.29315703988031,10.538115413362181,93.47205125635733,766.8763335119284
195.8049291220895,36.39492006400917,10.734165832382594,102.85086408044675,761.4186184196062
198.4385118986907,48.20879296952501,9.438456849351157,51.445411484391194,746.9673300448792
187.69034967666494,61.57032764427073,11.104166170493679,83.80315659969008,731.1292945780078
170.57468927600542,68.66327511650303,5.461910858680831,49.10337502084931,754.7630799119905
171.97465680911733,38.873915193538586,6.449523571581111,84.62973491071267,794.683767039926
198.33505537824723,60.648594176762806,10.495839105242297,87.59023120459774,727.5541823477714
157.97309109006932,58.872142939827974,12.81102938180037,102.7066450504236,768.5669481589928
154.00481155539168,44.11116602233655,5.914768980479751,97.74403988817977,810.1771810070868
158.01868798637526,52.36947105755896,6.250964990963212,53.29220060634175,804.7905011909361
161.28344611727348,49.85144481282165,6.891989912208686,87.83061482762241,778.3225565041303
196.09171530807984,46.278507966498495,11.754931325437319,79.48710342113178,748.6263523907336
194.9920513295554,35.180648341324925,7.959330496717446,33.68645182253455,777.4498775623485
197.9536184625726,36.45357343057443,8.827495589878593,49.849925903683264,745.0960973726627
191.4638759083192,39.986787619113,14.159953915006934,61.20614183116014,750.2740157319064
181.87633443819868,47.011834774528594,6.000811351843903,117.57438994521326,785.4162645762327
196.37697572908272,53.91931955793867,10.56045468257429,37.9255546230976,749.997122259386
162.34997412913918,44.60406118549233,6.182052321652678,39.67303409499861,786.6949963699678
156.6404123960837,61.772305075515405,6.309205582215074,83.92853836277851,777.7367028492921
163.71571115933847,56.682430175319325,5.2234962090022306,66.72972760358678,768.0765103783214
179.35956742199278,31.46063473320499,7.420963343665765,100.67384505554509,785.9934375640696
196.7310016572815,44.248243896113635,14.429175518987728,112.9360762720912,741.1927453250324
167.65341738217055,59.33214800634201,13.000683671957297,75.45317892909293,768.6878833965121
167.0110688600191,54.74836301366235,12.261279954317823,33.71801084704383,743.3963326869385
171.79262329810925,34.30993250683087,12.330522546338095,72.7574688549596,775.5536235203934
168.10540034538974,39.52157207775214,6.610822679871724,96.53892593271961,798.8087146686984
161.9868965172721,51.525267326816135,9.75200587830373,58.579970816032585,788.5859165031679
163.61052783453763,40.30960577990796,12.058867270717748,68.71061766407902,796.0972796755738
178.33078945014768,50.219527729173855,10.093272344131918,52.77507990158899,761.480949831076
161.300130647154,32.44718800523849,6.5835401057467315,50.63621137607075,808.859372791216
172.2011275476513,49.209215776119464,5.891035083419839,63.62488143486246,768.9031907434347
159.85254255224893,61.39397642708128,10.430014807148229,32.65772288677379,774.5734750842526
153.26667053124515,60.43205544109573,13.065895651796659,81.90567871694412,776.9514352892909
191.5693022906694,46.61608276460951,10.345628435395405,54.03495798618194,766.0525463031532
179.20659227191422,38.44585821632161,7.0005192154992635,57.57507082874486,773.5580775088297
183.2226846786432,34.79800930725905,11.241042493177577,62.40519314019154,767.2099030849697
182.16454931567495,61.178391293294005,5.266573335945065,61.923610493268384,755.6579636276966
168.02372563932477,53.41098697983998,7.032042008039742,76.16726242670231,768.7966858102213
160.3080190349661,31.118000162846787,7.918240054893923,112.09018686121776,798.2810452425327
188.44063274394347,36.83562423194183,6.936939763126073,36.579635758961075,772.5477360949368
190.6701998332645,60.27267917237218,5.49789988851494,72.24903677245892,734.4465611846371
191.4320381120507,56.433453860161066,13.999348644699648,43.28806157705229,727.7980770031478
179.90432135801805,31.67753373593188,9.028533298261028,78.73931285069347,794.1286178785447
161.62281283127126,30.92835125626702,8.766640218629185,39.35618155601997,787.2493972336563
187.470144789645,65.28482882231768,8.773227915049944,119.3029299609857,720.9866916061991
171.84513606407282,44.96235569529317,13.247731666489655,44.11341324993805,764.1588568507871
152.1378851869741,44.89226254625909,5.279210340514763,63.41204549713683,800.4674612309228
160.24609880355206,40.295919886901345,14.308615495792957,58.5670570575481,772.7013050741314
159.64194140106017,47.4734630049243,12.175313960007994,99.22371625575012,792.3693310035256
185.14217692477348,49.33480521287795,9.113274695073397,73.92253409470794,744.6725058777763
173.79220371949097,37.836622962126086,5.351861939858992,106.68133531106474,781.9849913241419
152.81516741343256,51.57757541442672,7.047485589179056,52.568942041425245,778.4729646269418
157.40844283906893,40.050060754522654,10.613803407951664,44.096711874318046,791.4290602769858
150.68536260426686,39.267877431598635,8.673824445197905,39.629431946770275,794.6010251749761
159.41303368935405,56.10109897005709,7.348005968099757,50.85369683542963,782.491565925894
172.5076178350651,42.60605390376361,12.30161075967058,88.73230271918503,766.8388322962044
154.3621920070656,52.019789070898895,6.3320914892777616,84.55324279005583,786.8594947480916
193.08742314278007,43.277132663890484,7.10123105665414,68.51692249036145,762.1787206040514
189.01824689275375,52.87205215444217,7.889030341202306,58.38750665024106,739.6189441085
164.57293473028892,67.24424805081793,8.420968108282683,74.01516008411181,767.0029193568593
181.53046533810019,32.981615854119966,13.537242497498942,97.81357606391599,757.0075903098025
170.63376068023288,53.650965517426506,14.057572876273634,48.26905101747946,766.5343149863085
186.79339606773297,69.15780998254289,14.672352219882686,84.48732761426189,728.434117120834
174.19308680748142,30.287392413372206,5.027700023751111,51.46306129281291,795.5380484435001
181.2254661873343,45.09711089840689,6.1428894277559865,45.49423861344968,753.0154938601733
192.27279052654467,67.01844027269163,12.79239087623924,59.756838819971115,728.3989377295524
186.54026630181576,44.076037121902694,9.213899657936173,54.98651318586768,762.4326358809285
174.93762348185828,32.367318453246696,10.934116700138173,100.99639680001344,768.4981245612568
172.50597814691852,53.745717513466275,5.21460701780058,56.898211315338315,769.1288170374551
195.10540667612517,45.21362407864938,13.653402731643945,106.09496765779326,749.2799205210704
167.4640067884131,34.17291884324122,9.738356381090728,57.68599111248096,791.0977595315835
187.75009697862066,53.85603529044543,14.59141853917679,41.65634559157412,735.728136865573
186.933210267485,63.08243334734651,10.006686729000828,80.48280912398377,737.7302644531921
171.34373101207473,35.753572280201695,10.86870041810373,46.26443876581762,788.5290021257106
174.05005971037357,63.75181485224235,14.231430172423194,64.30122361218653,742.8016420155035
186.31051021855612,53.680673866837786,13.100648275769094,73.42831015410428,747.6788874007914
180.79123052479724,56.86252918146435,11.150368587128323,47.113146632646874,754.0092520920927
170.8720633841624,57.125463988428145,13.541276669613465,99.10779248334235,776.6546042742206
175.55808568607017,39.677439808555924,5.16463906995707,61.17247760816888,778.0568667760458
170.82139160395124,63.27414257014382,7.05654008248053,32.61063199456555,755.707958753318
186.49603233068956,52.52688445853536,9.861597939215311,92.05521280710445,754.5591099854415
153.34838077461413,33.69646806501283,8.185796093879544,114.48415141478537,811.0826746748263
185.27611398984212,64.20216389790261,8.666631628968293,106.34455373491507,731.3116940277571
177.0595933007921,33.37669118900987,8.182937345215421,105.20238323666344,791.0592159382763
154.38950354474557,34.98792380411368,9.289479098897058,79.36421300936871,803.1878870165013
180.87272429717737,52.54536614150254,14.569845312271525,114.8161608143657,752.1785726814329
159.45985181294108,44.75044757483259,8.628170057025113,71.2219136552321,808.4631309988073
176.7065794925361,32.084076587224885,6.96803408213578,104.80773911648035,768.7797075325241
173.12630090742869,38.36408060661981,6.366292452166194,72.7182125212477,779.6871452035867
162.81665778763,51.22211521754017,7.440705093454989,108.87454069426393,772.1682949675286
181.87137113759312,62.777834238780756,7.345460548455799,58.85984712237553,742.9861368942023
195.34258442742023,36.46695771832334,9.189023187501409,43.12286240802969,763.2258602755355
192.59751048453552,31.059389409117184,8.759747234561601,70.81071340452718,761.6550320467602
153.70557553831534,51.28342868816179,12.097540882540827,98.33057972345952,780.4576506668304
187.17502914855805,60.667505926053465,6.27522390778874,88.86260404391791,759.3932765252615
187.31611509341388,60.60606886224353,8.954549550468823,63.14418116383399,743.879560230585
179.6804642659925,57.58122320058698,8.43601022380417,86.52778198408889,755.1104642869549
180.83722228726592,43.48132046001723,12.814807290763213,64.67170282057725,772.3570433365545
197.08666415245645,68.41178251592882,10.548872721641217,39.55362199862691,724.5652085316073
163.89003421462917,58.94715490967627,8.239556363450223,68.89998821610875,768.0830992275569
191.401807074127,56.35822227741969,8.550473945212929,91.25138223557252,746.278465457256
190.757222325287,69.467875040233,11.539387663705353,118.39552434602994,722.6315155065022
176.4182110819803,45.7744439512109,6.547474405643371,67.75477911040701,758.4728113918248
170.96101684275266,46.061082515805154,12.28080198381841,92.23559363619694,762.8031118031879
175.81070518337182,53.61761528754666,13.398998908573109,106.1706497521962,759.2555295090974
161.26636868979057,44.81794558884206,9.788254292976983,37.48661208696729,776.2197421492077
182.15148179001847,36.94275574680668,8.289363030843138,93.33967320397107,758.4717587740287
181.6235953481399,33.14838234763293,9.21294290667932,55.450860046605506,786.4912239949879
184.5259289864215,62.33580569968237,11.944637444027377,73.02312389096738,745.7917850919347
162.20877157608038,60.03684869128007,5.968139529552232,60.66359523320946,769.9927323935884
155.37396679984855,63.37805922138416,8.583713194268206,30.313996413756026,762.8404534810331
185.35514141429,34.70918510014882,13.60928063783194,55.83843569379805,746.9176436526798
169.6253115124584,50.255668224256915,5.031883046308213,56.23018362468988,783.669216408541
160.6241919173991,42.23183131827662,13.694320373688015,42.320451485573514,783.4228139213685
195.47741820960184,49.919516770705094,14.789394172343242,36.71437851333024,737.5896193181652
183.27751246767457,59.736385879898904,12.96504622386082,89.88835453932239,736.1806446765671
162.5234251292441,46.29826542417912,7.737111813505203,54.65837356079814,791.925203472241
183.68922469805256,53.63053881833424,14.234802823619654,92.08445291495266,756.1245630655646
196.4869582867161,38.88140504574001,12.912989276830768,81.69589601841562,761.7453755920897
186.00115261832872,56.97958394499641,7.517973416457443,41.14170429338556,754.0649636551591
160.5538942530949,67.03701920617063,13.784756926067367,54.63984340020562,768.9106301431576
168.8597844764852,52.384710444118184,11.920900113369743,94.94731230938814,760.1320927474642
173.7758067613347,59.62053853789235,5.540207075282534,43.99529536820536,761.9239407627276
179.48831286968667,41.82475108241888,13.231059254350583,69.20409233257733,777.3608672452133
182.3263098627902,48.42478456629901,7.794939419479352,114.67428619405625,770.9572024122273
166.18222338464696,54.794378707486906,7.412825008665807,48.92827817070861,785.1871865626969
165.03380430991845,43.7065428536265,13.578291267716068,90.7371479534601,782.7634184572485
175.0770816029078,66.94298850593448,14.42651542608667,118.31178180868237,733.9517629015803
185.1051868894619,56.852332030392816,13.802030988299666,71.67124240890291,734.8593489415762
185.34215156697695,65.06922998515228,12.69468791214043,59.708840656792056,740.1338500310214
164.6382513384516,49.65654364132592,8.658939194707608,56.88753948713092,781.3992272932409
192.1636386738401,43.449841091216996,14.434056908277064,83.97428675728666,753.1649220516863
162.14512884511996,49.904314277820106,6.27193517899959,70.58713828276257,795.4460161273233
161.61621108232913,35.691157457204014,6.797664428457509,72.52059937227264,798.8486700360303
192.7041257665815,45.97820488811946,9.437803292808928,110.48845299548785,768.9441607082731
186.888839249378,36.06284416978593,7.276926740370243,64.38529128134743,761.8795994888317
166.54677233026194,44.977635463948985,10.190669424553315,70.46930590606891,796.7184120109021
179.55489966818172,31.695739120145422,14.374882507317974,32.3525344445728,772.7614659425539
191.9378937363716,50.18049450964323,6.843258606746056,56.649804579178905,759.6409948586041
196.94821219891628,69.82485380081857,12.259651361346897,59.20759882360694,706.5051304989089
163.16255033296096,64.2122973818121,5.258651192899916,96.11382322598628,789.2866573478708
169.95461353532457,69.34129921219545,12.291795792231284,56.460973691831896,738.522245751252
173.4618240709928,31.786135890768513,11.044831626644816,89.12739524767679,794.0934993832751
185.15377889790346,68.97269705837999,7.184574429923493,50.702758599794144,747.208012911412
185.92467525453495,35.43119264898087,6.968805978595025,108.12437957132585,783.9985663719275
167.56321092762786,38.4291461856298,9.721434020971326,92.05703238397862,780.4165912782356
158.10348724817632,53.84313006462671,7.4440195774703515,49.37599138534858,774.1092254316055
172.09132838806266,38.92534628348333,13.873601177929391,72.08715298849384,786.0269867890918
192.51833197815432,66.64816418079903,6.645362090650089,98.0868150282851,726.3913274914706
180.65265018606593,67.51111456940974,8.116582937464308,114.2660996782443,737.8140545189422
170.19552290978362,47.922363478973864,11.520425836742353,113.09919186042367,767.170368658693
162.40538528133894,53.06561990883337,6.4742951282297145,90.46479068619223,772.0963740910471
185.9542939577359,34.41474906884693,11.493309440413704,108.99534894501583,757.7612588360863
150.12363561426946,38.88441256152961,13.309207612878785,49.83206981441573,798.9013339013153
180.60812881191512,67.56360517603986,5.773975462321972,89.65309444887706,757.8760325929898
174.96302441507441,48.356691776621474,12.20517967716555,54.38717502320939,762.7988283478109
162.14813647706933,60.45314739658418,11.170743406260165,77.42350635750478,771.588749076569
193.95727679274657,39.91263218843738,12.935631815288591,90.99668053032278,753.6726691946317
181.3777900163664,30.660900179105923,13.238646815611665,69.36130738512985,755.976055375916
166.46136993980218,30.39619072969333,14.88169456093576,89.83800853615708,785.8963302949714
158.88642695543388,49.35017570289738,7.967365876076706,47.18998098041256,767.4775252854492
152.78343648810224,31.038905306792838,14.04161483043292,36.75481916409272,803.1673381371467
153.05264417175323,64.78638069843494,11.375911146877364,100.38421232858626,779.9888407330855
162.74376452347852,42.16527913580268,6.111231615037234,38.46975755109423,798.6454052417348
170.51293083534824,56.31835525555583,9.094747733396808,61.136241404882085,779.4489808394505
163.1303671086205,59.17273901393318,7.721815164225998,89.97004059562143,773.0182224529551
183.04900765783583,64.79548113904917,13.731403426707612,79.59327385802834,730.6998064905231
189.52847926149576,31.45127279340506,12.592903985380275,81.49742845763905,782.7941244850175
154.66706108833432,33.621471404180355,6.6081865874702626,99.7481204626953,805.068188141275
171.86325559969103,39.36386635400866,9.38755246950457,55.56711514900106,775.4149805737891
184.178943377782,44.40209676741512,5.171582506572006,118.40638889687806,764.6124330137349
184.9276030442236,67.80888966177204,14.219358090478186,83.07743002898313,736.7498762406891
182.89879754027982,39.635411096140835,11.170698123758363,104.64086650822395,751.8785146080195
153.85150050703638,64.10491808842305,14.451268663207266,30.5477570933215,773.7357260399533
196.76946645931304,32.16463091484562,8.124042430921243,97.35852132107915,759.745404211394
191.79532340624803,40.56917092760416,11.017583445474624,84.43163676804117,748.41426133528
150.92361218591608,60.685837768566984,13.71520709047976,77.10157709015655,780.4952703005458
157.1394726142112,54.03252959548081,8.711943605557781,90.19282408854963,772.2246250191992
175.63301522173282,60.65829748675128,10.906433154371118,65.53263808242014,755.3505131930481
159.0775575959651,39.06444089555954,13.637217271213014,62.43632232293219,786.5660554897908
186.38926342594635,51.250985451791166,12.24352033430132,98.4628879018563,779.5948391902889
195.31881461663875,60.452681506037436,12.54584187929426,106.64157661297041,736.163548702994
184.93155704756535,39.68444303086876,6.652504317073731,53.424614084731765,758.2499937443333
155.07482040125157,61.401256512775795,13.77924012150533,38.468201989678704,779.5595173312043
188.12325807967727,36.99437922793575,10.382476638290608,119.3417493056933,755.4658227366752
197.9398193761605,54.22449595156739,13.286665376266672,117.51544354754003,729.9056262020175
184.58385082894836,50.24066233693897,14.969485143708445,78.01269328416923,752.1602940684936
152.7809576903253,44.988143072465334,6.3618486191278105,101.65055699725318,804.9213306274044
174.06719587621097,63.35405394113975,8.718493371875589,86.50693756442291,737.0954397570121
151.9998111372877,52.4028666798985,9.111143013582874,34.674104255701785,805.1623342677035
183.55228109687803,41.41963555477163,5.59612006971212,105.19778974309061,754.8222080543912
165.74036297790042,51.322014334604276,7.437669724856832,105.52926020338698,789.9487893482997
189.80163488084264,39.265361903757494,5.151239944663139,100.22243157650874,771.8509459214233
191.89628072930944,58.27518293807351,14.909040728236372,57.32352370929276,724.7627959138545
163.58772045481433,69.37324853538647,12.41729952727582,100.10511310677092,739.2693568077927
150.02029560940377,42.64767981346251,6.735691659778525,76.23130893106679,799.9938839628147
173.4498090570977,34.219193195674016,12.594272675748638,54.627575707702675,778.3660233821355
156.0866206031556,42.502669815706135,7.929567286909266,101.16941895535564,784.6932204770125
194.00315942330332,55.5142972485082,11.603149401027656,32.405414908065154,752.2110382820266
192.57222485626147,37.2211899018345,12.069734984796234,32.152402651019244,754.5702596637767
178.4097717717427,47.485906419758436,11.320746774643702,108.4005466086231,767.2992889365278
188.1303798145015,67.96418381167061,5.581875602842732,77.39315648272907,733.9692544298936
157.73909084883314,39.49375384522439,10.87044263891866,39.50184688197815,802.1735525871014
165.57436600280718,41.72162952521633,7.233675270567252,81.787996619322,801.724522491293
197.18054789327326,56.38737908260641,10.127317426263343,36.4774904428904,747.949213337671
179.50750060397502,49.24348177578363,9.462506955754488,104.99375778310682,765.1304466081565
176.9623387439326,41.94237758850207,9.068200920871092,111.7749965670561,776.2979888790202
167.1978999770755,31.78017903794175,6.0336301945119075,111.30106763562344,799.4829386581627
185.25247224125502,56.33326126594565,14.606307331122663,100.3936486491954,751.1384471098314
174.25969997854497,32.80481600100081,9.22527791447968,80.87702273534009,784.8821112250672
185.7515381523301,62.08748800097129,11.461451080897445,53.83102843739485,743.6998774007757
180.4292486436422,40.21133150301592,12.236306965551186,32.068608808344976,755.6337079206995
156.2555144291144,68.4245417648952,7.0410635298952995,83.07273776109176,759.1545240128792
185.40934922569156,62.907936044648885,12.661547924047554,46.71408839157341,745.9380339820173
172.57258086790154,48.31012181938504,13.47446853638253,59.076693488139725,772.2903408001031
166.1856494196071,59.53426554001006,5.676090102591241,107.83711164231802,755.1295955076425
180.43302381047488,54.19411882982633,9.888713940358357,113.84481724667464,773.6496851903506
198.46625529496464,46.04151081218374,6.06805295607005,102.88779126591398,761.3478393454482
173.51764068288833,31.587335931178238,9.144287638363222,112.14680967864861,794.117016139868
155.5553929233212,52.59712823297819,6.848035617188288,106.2078078671599,772.8728362313391
168.49667301465377,64.73735602072614,10.523610946399927,35.69287226875293,751.7885328816981
178.52445719583778,43.08846604433853,7.869160386064243,38.85000706703065,761.966427355912
182.54670512422666,66.76424031322067,14.969818097584026,37.506292154535856,733.9803188327709
175.30499057077208,59.38002158958754,5.032477143404569,76.89904705150019,738.1505677433939
168.17779959364634,36.0852099125123,10.165255990498304,102.98953260672282,785.2437593750782
154.6181639298083,51.20854424565062,8.943219588307759,95.89993405797898,797.8608239254502
170.43988265598392,42.851829462160595,14.784573599440092,88.2233950872491,771.531793128532
189.54275426273415,43.489958976028475,9.044298359508105,30.77209077503484,762.8802793011637
164.69203110830506,66.37485038211608,6.3154925926740795,43.212552686841676,771.9400005829671
160.0215176419688,69.66864086253372,11.644334568785712,116.70961997640516,758.9058054410349
169.91654862840207,53.66319446388821,6.29890539986058,37.154064898551596,765.544628740262
152.58448210501848,44.32631427709766,14.025505758957834,43.027795152762565,792.8461360279196
167.27739441051529,63.4415354223393,6.621309571175499,87.52629420000662,756.3465998666315
193.06081047888378,43.587047278721286,14.46457633942943,113.0424095034982,748.3599926121312
199.47927277178076,47.04928025434876,14.566578031184447,98.8803293876319,742.0288276804075
150.58883498111376,54.98395829900598,9.985888093221964,37.455317907831876,783.9305817937319
180.63646124892944,56.02847847774966,6.189826276331426,94.93210104410852,757.6137444753224
193.5528037951568,30.372962464491366,6.469546257538107,68.07025190167332,775.9906198082742
169.55420237626302,39.12677688989056,14.300323406361766,64.04127013850069,788.3435171403239
195.09484225457285,42.89390436805185,12.98725285615594,33.27862157625422,769.5235409023728
165.70182958314092,58.186209688651964,7.82362592500353,83.626389342577,771.575829767078
160.91901457284868,46.784419947078966,10.929374964575551,63.45076011507002,781.7573528983811
191.3593133219475,49.271545760710794,5.012635219736844,30.65141816419434,748.5433376315115
193.19271070606715,40.904349951503605,6.028161145618962,97.98132432915833,751.9136746547213
157.80736248846526,48.02717393250332,14.844729799563671,117.64869293772111,781.5598870113186
171.96015753985526,58.1157320824066,6.490180768876684,108.2205258517836,766.7801460164997
157.25202766718957,59.104109524315334,10.393309393772885,62.91157399644255,771.0389610037032
196.26210057957186,67.99482329705265,5.976770534176956,57.68804896903117,724.8348834833351
171.14862116059987,30.716846612106657,8.240021395363325,93.11310671170999,795.6210034539104
160.84594693930757,51.63736805673334,5.409792924547591,114.23546288098272,770.2469512809448
188.73889314965342,45.245006317996626,11.47599243872501,74.25718624455436,736.900485871786
160.02208765816815,47.930299151543224,11.977223957816864,91.03600007150746,774.6648614995229
150.46769719450546,56.64071832664621,6.9959051309270155,98.6915562800122,788.2417367920762
198.8219226022568,42.27214575325493,13.994228233738056,84.92983900061205,746.7298308557314
160.30267262594643,59.93842845755247,11.13639523156752,92.51058099226671,758.0883898753522
167.7980414867938,41.75030286628536,6.634294355496296,118.38922680562635,770.7209516427996
192.75490698516828,67.66555580371238,8.983438765742429,67.10795402143499,721.642026236708
194.16126976272193,52.142501131849,6.701694865796343,94.06401322628263,745.6925671857849
180.13273120508083,66.97116744075149,14.250534809736232,52.81740319050597,745.7268849236942
192.0554952158597,43.96600258171942,6.494950841213994,52.79762660350687,751.600455105467
193.19438759305825,44.74314680516184,7.646396399670058,105.1472302978884,748.8128039951796
169.56427223332508,63.422622745054944,9.742264077183444,35.87664790254844,740.3217774252388
164.26798218484078,54.05957759262753,8.99716119373469,93.54512860258424,782.1836776198061
185.65105867575278,38.0875938214419,11.653338965812583,115.71385288440985,762.2918267481607
193.00827529233257,60.97391070302179,5.9826212154404725,49.2942601832329,738.3008104568817
158.5727304148647,53.43952053306188,13.279742293448038,61.307209316245974,776.6695720683593
198.2788942518679,61.91479391656395,12.830489515901586,83.55473647923449,713.3932263680347
192.33127788200932,63.55352306456154,5.341761546808492,43.16889104178314,744.3655633911587
179.04828816951246,56.7339758373047,9.199655455718876,75.6826627343898,762.4171600154565
190.25966017921579,59.22343186457537,5.144233678906854,64.88163250824718,754.0865995270271
168.82250818576404,57.81224434538306,11.950572078616712,116.02329823159572,761.8625616976594
199.1166429226496,37.35051267060312,13.501122239521687,55.85398024575751,742.8705942309251
194.8283164463977,44.06549305755326,7.520999834403902,92.17178846083064,732.5828420958719
161.3978900034445,53.385928425520675,11.598999462571731,67.65819147388831,762.677261290278
163.15108858922858,56.319173470068705,5.878574063823741,75.3932509269635,752.0493163877688
150.91927593787742,53.6409319626146,6.630912889403059,103.93951671965645,801.5330383630629
156.5020830767713,41.905106509512194,10.749369737020114,41.493496573121035,775.1340889939269
168.52156056936954,43.53727156792722,14.540622995071585,84.42641505143675,774.0399641715095
179.52684041886758,54.885349102954294,14.584885789455148,42.25627878819333,741.13747143555
164.10344182142111,60.719833861675234,5.927057522681918,102.82318338055788,780.9023054351478
166.75480626580753,37.63108465551038,7.963374938820275,30.44314674009619,773.6645558228103
194.18932443023894,33.68960141634778,6.421163510548959,75.4903782340534,779.1987248644589
183.65092501948493,37.23859028038647,13.879946754996954,39.86489261181448,764.3679048444578
195.0545385769069,69.42249947315803,8.88034663945913,85.50232494203684,728.184872100535
196.02239305006748,38.031999796599706,11.874023768300141,36.58405778737405,763.0835467932502
198.5628331973408,68.98059913010457,11.19767618112557,91.20102883955826,735.0096072494842
185.75833779486956,38.46053173568445,5.734395689230811,70.16056593974666,764.4487263178218
170.94983809287118,33.99659685958046,5.198199518299026,109.90150577457592,782.7279883350055
199.2906976329347,54.037609289626076,10.66320902018241,55.059190624245566,733.9220656321885
189.33132208486518,44.448303791337494,11.282094819543317,97.08933828915198,757.5793423506472
157.42300842203747,40.20117302541263,7.746180413263496,114.40178286495696,803.9448063729654
192.31409504588265,67.29113412139638,10.96559309963559,86.12564548345496,718.2337646391496
166.27326591291887,63.24133747009705,10.512553245412061,36.081191208284416,763.6648049372789
188.3928642637905,37.002190306482476,9.627738607472178,89.12481646887969,756.4997720782187
150.39912679719993,59.408350764566165,6.783694090361642,111.77281084970551,771.4820313678514
162.92116390874918,63.528462451250974,11.192475835798321,45.18725061153132,750.2493027748861
162.29187613110972,49.48829436629079,13.563340482383687,84.69024206045987,768.4317411881541
194.08587528083996,43.32639291477375,8.362506323867597,111.55939109707798,741.5465532935438
190.07528732442864,53.35785900577274,11.358967370252463,109.52229606958065,755.1054436080118
184.90259059335838,42.003795821194124,13.471343616203846,103.30888654970728,762.1613990451665
182.4913395758148,35.34148168949788,11.37747598615439,74.48248509442077,759.6812784746937
197.3700953410439,40.612375597597605,6.958472831457392,48.772791338049565,761.0393207080566
176.5237724762013,35.34869082074948,10.402617504307663,31.93513361628809,777.3453355131577
173.85401486592858,38.31317734741518,9.32271068156085,66.44866591606535,761.3398033245865
185.92415851594302,51.82917959843735,9.22111656196514,101.14378625727073,759.4607040586969
163.33913417032053,53.09709560297277,12.295564334486173,113.14754847051603,758.7248060290439
158.50969148870985,35.001303174136304,5.100354936550846,51.92388675698075,808.0536499195335
171.01447840664272,38.62334796356857,8.334362371009806,110.88196676140582,766.7965496825616
155.56266776340917,42.42827424014315,13.289606732942488,105.09193968872424,793.7028894436141
177.4624267425971,64.40272934138315,13.360421262046012,106.85826780489909,726.5528724359069
175.1314521968449,58.836848363892585,13.169908882703602,113.83307026773397,736.232349480958
187.14682084162462,69.47367858697669,10.641997035344122,60.27363872703002,739.3607998519957
155.69628781141478,60.64511069260747,10.80430428033077,57.84245602566588,763.0258472593177
177.87733133132718,33.20746480282901,14.802760359544298,68.17857244242762,777.961067497473
196.76680434742536,52.50339872541443,5.284573323520503,86.19223911049495,760.5401917446857
182.1997888412463,49.357611954992606,10.89738092621961,82.75885489211853,753.9915330396439
177.99640544590457,63.567246421641094,10.401200307831386,66.9258017004374,743.4597054775809
188.1546109117867,43.42500848262732,7.901600102876007,96.98772019344108,771.3572978619824
154.46554800253384,66.26001744073412,9.661851373766977,92.44124539278062,774.4459614835106
168.40665058697064,67.17657739418604,13.091138453385225,44.510661410124285,754.7437761091835
180.81352401246008,41.81009540198877,12.460645398340393,67.3296922656778,771.7499784973696
159.9106020869142,69.8448420973813,8.013487523078886,98.38630614661065,759.66012573217
157.87198504686125,69.13429273969405,9.454880170460203,98.18380228613618,771.0012715527486
199.89200817135145,43.616396304513444,6.93227721081619,94.55528592242484,750.1706801255802
182.21376085735255,41.11140263753519,12.629324556175039,31.29300558410182,756.2720903871862
173.71745563839704,39.96636833407379,10.889250052874557,88.68765803757293,768.392936187982
162.69913540780365,46.82468504826485,11.964049507058432,62.773075716711574,767.4561891497575
183.577610775464,63.3989829893222,8.981150728116708,50.84936091485737,733.5750497584896
177.39951551355134,35.9808221033262,14.688843106292936,63.51741457817177,782.5916299397288
174.97071140962186,47.62449126267134,7.2847872102981,43.931907798647245,755.9914420504693
157.72836034583702,38.53418352334569,11.987061738807949,75.09537503872255,785.4583788138403
157.07695524712526,58.400191225405514,7.786783184175783,64.8441499966666,795.659033959424
165.91278598125038,49.66765489293713,5.043544215633775,62.66517568364164,778.3028382232052
183.17172797742933,58.34791931202045,5.729652362478133,84.1904851197261,762.9372519174897
165.78157143878352,61.701335689585285,7.635017353354084,102.74406147809182,764.4116915699261
159.8222822667527,31.71885969009452,13.607457122285155,91.84718522848385,802.449079847751
165.08659486253148,53.12514021622388,8.0435203995065,90.19575695491122,781.8715912179883
188.46739363714065,56.14478394203527,11.498379251390023,103.16234238445938,746.9254132814355
197.62890600991418,61.95843582949996,8.75557210633966,33.97349789811771,720.3816081135592
163.92833617692636,33.221963827366196,9.552981442942793,77.23441415966481,792.8905419235214
179.56998638138612,50.24083790737522,14.466210715291654,115.72009543083327,764.8809045033643
169.46627185883818,64.62121677679463,10.804387968698833,105.31057660739748,756.6461047881072
171.50896820176877,61.197838073661664,6.677305300821553,71.91306210279309,765.9310613670443
161.32907362608006,54.65478441950239,11.783839541352515,40.63005798339732,770.2087857665989
163.44207003042064,58.55488837331493,6.481129356082103,47.73291015521906,763.0460590702123
158.0129492144676,36.7544307497906,7.403370931880308,60.00430073900164,778.3311617475537
158.19117417798873,42.446093720442164,12.81834630062308,114.31551273657784,782.7833284735264
180.05003027409978,32.36747572816965,12.229634311623881,70.19446993680431,754.1835744841537
189.6490963144032,33.46881779378608,14.669739913693478,58.92470891734211,762.2098212410161
162.73547971373233,57.36095055336486,5.866731609391711,71.71246987224802,783.5577073325102
158.99158860319275,56.399220968502405,13.996200624684786,89.25606305478075,758.6632551926577
193.65332782902863,59.05638298764793,13.938837843773221,88.58886034573023,739.3461489488906
171.38880153371812,49.50784310980471,10.438049505335426,91.81946763810757,759.4749318229103
198.7407773869848,66.5343534716215,13.885921626627368,118.32260888864838,714.4126041195055
180.86427021177008,47.11911455250788,13.560853803364632,50.87080096601355,763.8234151703207
156.0077384284152,46.34388061778875,7.3121939605955,92.69180201317062,789.2551854874098
194.7006246930008,47.58897593989867,13.568111059747158,49.95371944115186,742.5191206233994
156.30377463624473,65.39720530871918,7.529141843708297,54.716063310342406,756.852622771246
168.6783813797648,44.415056511643634,11.47208163815252,46.73620078587027,771.5853080109403
172.22791236944056,66.14864086151857,7.6076199440836225,55.697073591786385,761.0842511432737
196.03007325801036,57.048240816583316,10.73581269955724,70.05086763781887,743.5018851244556
159.88350759929227,54.21617494626874,6.966706852555303,62.49503786711617,783.6711491546965
170.75795750528198,49.38050426886724,13.394524873711115,35.88657039278296,745.9707579736242
196.16693484366226,38.82155144317892,10.631235274713955,62.40390743436841,764.1668688569672
162.2729770100956,58.75380231961908,6.077053087115175,50.972636903964684,775.6077308957821
158.01452889884743,44.53768461668734,9.477564327229222,76.74218059515175,772.4236450757867
187.85727891010905,60.391005189924236,8.676783975582028,116.67184490132284,741.0532987721492
166.4719607626336,62.69755276476149,12.687922988822535,109.38616598527224,746.8951738739747
154.94811828229825,64.15852319422251,8.1958308950555,50.718863312335856,757.8832650525046
155.59965107003836,52.12037952068682,10.321004554506219,43.42462045853306,773.6047389680817
172.46102141931024,42.178123579056106,8.575276132191524,54.0959598965637,768.6072007029472
181.83761535753192,35.662395421200884,13.213098603012517,92.73308372895576,764.5812781184179
158.6903790773583,66.42206869688343,9.677905351355367,69.96261085827045,781.6334417757002
182.00758898991918,48.31299902644904,5.375806802904107,114.28290196623841,776.6444794940726
178.70137276950922,30.71958460314488,8.29326304670083,66.26055675234643,774.8316268819276
169.66170843334848,63.2891846488604,14.226388941458943,81.09304307218594,754.9626433169971
153.727946323713,39.656651506666066,6.136491657270929,33.454380987747626,800.0769322552972
180.02072868654378,52.50094147244427,7.610275140528545,83.1015949981913,760.5286128309536
198.2778592471635,33.85892844968565,10.151151070658571,93.06306236448518,760.7553479766403
159.06821999711187,64.83489037086838,14.686022155851372,35.600189514639794,777.7607862453933
159.53267119121602,53.597069812909595,13.298287917251567,75.5362003037649,778.2150537960832
191.59503773349365,66.90578283078935,6.34686028454618,61.326068470485794,711.3335144409647
188.4791741963502,37.00449518758584,13.552859031321615,110.20122985620495,754.8713093796683
177.64306989916528,49.27494222865667,9.558455654997138,109.60031501619108,771.6242128215224
186.27760728866147,60.19185546994913,6.673917622688808,118.91160198074316,752.4954353034248
150.2335512024149,59.89626607994128,5.2473758020129555,61.39779783233414,777.7446112391698
176.77186420850887,51.637334332791006,5.883354237233391,117.03698445989662,766.5106120570031
179.10420896205167,38.0724388620362,11.402007700099666,50.652341352041276,767.8843064567686
161.12737260406473,61.16054365045729,5.8900764707885935,56.90509175161739,764.7613043998447
157.58822392649998,45.75756739811894,8.962660224926974,82.5709853335317,789.9706996772354
160.67229520706113,48.197492674089645,10.697203126155395,60.34477348893696,783.841013731922
164.3814598346657,55.297319544825115,5.9256100190944005,39.633071351853516,781.8096807089394
151.72588400681525,47.87803463802209,8.10357915648344,59.933439935927794,797.0460869208667
182.722422691418,57.53755169590964,12.53987781362191,87.40465646153314,749.5445050881141
160.13936219314954,51.47083722516312,10.4985584353703,34.55237063074257,790.3916457475909
154.48716013690967,37.21031766146924,6.731281473837917,81.24636007032218,795.6653697571762
182.80583083438034,47.97602005594739,9.194856601560598,77.50085880332871,767.891946465334
179.1165264872249,36.34127543441785,14.260479575744409,31.453378076464883,779.2195157342707
178.6857099386537,56.44692730908733,11.324019982311741,55.95456536687492,744.5722001460111
187.4764473304516,65.70919163755988,10.67178832406165,108.1387457830418,735.1495757615198
178.45992784306748,52.26714144820887,9.026017381971142,101.11341331621564,759.1674145601675
157.65275607490105,61.69094820929561,14.708317230332682,79.86880139799966,751.8086441129742
186.4226086047826,64.03993751300098,13.146125538850157,118.60942223021812,732.338824257129
190.2401559532168,38.897304857663514,5.7331293220194635,86.82539936543682,777.8130228336548
199.22681407717587,58.43169731877952,6.369827590913232,70.52948273861072,747.3329151272069
172.4357602603881,60.57801002395149,9.101433651295226,89.66469090029432,761.0828299198836
162.1893832369851,42.749686725557964,6.678977333006076,85.88826114419507,786.5485298130968
182.9132656114992,50.46011052984672,7.2688953728684496,89.21584558430376,772.5876979387925
153.73412640337904,54.66976344473494,11.147418958712883,96.41969372490615,773.5081825186115
154.82604449071388,33.03743840918911,5.285116614525082,48.24448161441578,791.624040373114
195.4184890351977,56.553124186469745,8.011128909873378,86.23678338037654,741.0903831556228
185.6786023978036,30.410717109118327,12.258908837175056,53.15578414489964,774.6061920416445
175.7517610820866,50.43642334084125,7.186585714086372,47.97588292169826,776.580685162954
199.124553346144,46.562468292231856,12.487489873551056,94.94808392942222,744.2625347139218
185.85268028479595,41.123040315786874,10.929386236099958,72.7440140263727,772.9809294545746
186.76802922100057,35.110471070783646,8.43702538695606,62.43363214850313,761.4679597036595
155.02425587505618,69.03433288328893,8.550962834181325,72.28252909330843,755.3311758859462
178.88615060124195,33.53062914059948,14.357565621842124,57.26935845647368,767.0716625893725
171.96136910115746,41.04860663766654,11.980863607887237,52.66362718868979,751.0145927546396
184.16354025505652,61.92444785152345,8.450950333252138,89.31149059028644,743.5782353156542
197.13629359952293,33.375556581164034,5.152931489758109,36.03550137690218,749.1640904588172
182.75666967881395,35.462797232428315,6.626543275232885,74.05544245042897,791.7035951163247
185.1085502170935,43.89402025721537,14.026530968553036,104.9930523191195,768.2984468318864
175.51407537824923,38.17333103120909,11.17528771916223,59.84731831453623,777.0280428198453
173.67799402053123,34.85738017679012,7.4943208406684345,83.97612550624274,779.3011277890396
152.95873501795253,47.24992327723442,5.980260455288637,41.609719644809395,793.3317611247248
185.44898317018482,32.46561664868175,8.619409916503395,100.61501791743311,773.7640206487638
165.3848735576653,54.56688305946822,10.222926978291014,32.24426111912359,761.015876738236
194.15841157395604,60.872369601289336,7.731375372459474,41.25212153114837,723.7750048346063
181.6214435745769,43.539517997695235,14.530624102273343,34.365021458093125,764.833163948691
151.84020518532492,35.82255399151949,5.292814213836196,43.25570577158967,790.0454382787086
179.97996207182308,68.19969516770128,13.019709421726057,63.24373028976261,747.2729004962239
165.79325216768322,46.91003197793564,9.66547371372717,56.8316762994719,758.3516597470007
170.07642907219213,66.42360155792991,8.37951012210505,89.90874761709406,757.2420280043315
166.1641045316931,56.510767322396845,11.50695815462789,30.42305100344897,765.343570201784
155.33258387844953,36.73303837736357,13.466605000594127,106.39783822500553,787.9304584001861
173.435751296574,56.54039498192646,6.0366949283563995,77.0452205982709,773.8201483658974
191.02609092651915,49.544383763163104,8.698709579520933,49.616245060933586,742.3984439277558
187.70269012469714,67.45033723089827,14.822051885418894,64.42660460792335,739.166486935858
150.4180834398045,60.71817066728218,13.054373301604814,40.245613971839774,784.896481563519
159.94554171944773,44.85507735045769,5.5768576750884975,102.83466114032882,779.0883868076476
190.58101283901294,46.571351203990744,9.14761376429785,103.22935991141918,752.3522040479321
195.62865442919065,67.98177619318596,8.259161140798287,47.87057394878116,731.0742251687736
184.3781884850077,37.46945637637185,5.2241958240451245,118.55762191775747,771.053487766388
163.52126058297057,66.77622125473016,10.703180127089329,117.50955403830835,752.8441719641146
178.86373781242764,30.918554747324944,10.5111752833641,76.65920850984463,797.882338391642
183.201343045243,67.39474149290086,5.164899001291183,95.07844028315469,740.1909140432738
191.7443692579481,52.97097059675264,13.86026624735182,68.10254540381182,746.5740416362114
194.52777719158718,33.15693781796265,14.353230214033823,103.55328985444224,749.7636511550397
163.75817938016021,34.48176533483082,5.180744650061251,93.93626430302794,797.9779129297584
175.9976891779423,48.66009764443145,10.367924161106545,62.101260150741005,765.5262586646162
189.24740035232927,46.558404424746435,10.588193555801574,36.16734904498862,732.9399470530744
160.37739059553653,39.19919993859235,10.424704674677539,103.43866414984574,807.4568874248541
157.15567275863347,61.15245361549036,7.024526191025445,42.90929373384182,782.9899912880346
188.35324596497924,42.61419211355454,12.477932090136896,111.96598980988678,769.3923555148482
160.99225358680653,45.228928594428396,8.273523082857436,115.75777799790579,806.614578672913
166.35491173780855,67.57437603915575,13.729130448905325,71.19695860994358,753.9200901404408
153.50188686169307,60.93860827710323,8.60960000662848,37.93781137296008,777.5410581910842
190.70664193169483,50.83340618181662,7.668815707720196,68.25221084766244,763.0768030312804
155.85701947117252,46.45960776696343,12.676332126986328,119.71435975470362,788.3509868727831
152.86226803481907,55.81889761974831,12.062479392064729,112.08047610743121,777.9700589907378
193.04921803329006,48.937765581150686,5.819135758221693,83.82825627413986,763.388053638357
197.37968448143806,31.884879833225295,12.956670528272213,119.66723230505958,762.0288927783816
196.149245702139,56.380568916720584,9.801149927224337,111.40233999605452,759.2721617450703
162.6678164965264,64.2335229866822,13.672065812598937,107.8889688274923,755.2003071312508
184.48727998113682,40.163389872486626,8.750257879355136,51.12438025766886,775.7588954371964
155.71899601778966,64.28789593127195,7.384200636519685,35.35779116591643,761.4986334060486
186.45430751640626,54.08882696170753,10.918917736782127,75.73686707526676,732.0000671728054
170.41291326026118,30.7001694604981,10.9698063924217,57.89261723916189,780.6659540916668
186.345128910568,38.98170010375184,14.990683448942155,40.34384547215333,761.1085042193479
152.7577551688392,57.218144084314986,7.900709583333416,78.06144582535327,788.7184411138737
172.07251592939375,58.14293108294143,8.480114402816191,35.09043197540923,754.3961731479329
174.89147691320483,30.414749334902943,8.846862980021031,109.05036104109435,786.7125057907673
165.37645349242757,40.05453100546774,9.615336816940287,96.9583918063657,788.0985545216596
185.1543388682999,44.13857586077505,9.958425995374098,113.62420633904583,752.9988999163742
159.94365296864413,41.463929982655785,11.327563837531615,86.05377894424038,808.2706919170367
157.03588690840303,62.66115202308714,8.259031760633508,85.3920213324001,771.734138902704
184.8696531129202,64.98635616324546,13.288317561453157,102.12896091044036,742.0449058167435
162.33376870893892,52.5543212359927,6.932485711530546,104.51995277721292,784.5860129855058
151.94053815168974,60.53574838816168,8.621167469212002,97.10539675354102,786.2119003468042
189.59538971497804,42.49437319654719,7.251028607234863,52.81799990629462,755.5230581079055
174.45756144444726,38.94764731529307,8.57587834538641,83.04481743722747,779.4530745139231
191.30601248945894,60.651926871816016,12.15723935937839,119.8957149329877,740.0480066551477
174.67249998518616,36.088063122057854,8.079854862748075,100.81996321265568,767.880114793052
170.79250480881268,63.79035419337344,12.045372137982028,100.3118614727737,767.6996407561153
164.4623300656643,48.898343867168265,14.633163540852646,50.26712490044003,760.0999582228842
153.3829086579718,34.783748086552826,10.664194246750402,80.66534469812792,805.6103513344397
194.0338443636469,57.02382235122083,9.998137220691758,43.62046705841904,724.5372537134716
197.95696365956093,60.322453343992876,6.6200331785062705,30.46421755512295,738.6386429693357
187.35594596282291,34.591650576074954,8.553520529735007,56.53194391004386,763.0336270559158
189.9710432557335,69.33373746598116,11.635480325671892,35.80746329300194,730.0844039101228
190.39792559275506,40.551026838708125,10.88275457347458,75.82154861369489,744.6873239876994
178.60663519791854,43.83967338337998,11.734614070823104,63.6456033230571,756.4450137676322
158.53721882549192,33.34251260035209,14.92363085324372,33.055331579428156,789.4484786375044
175.90038779475884,49.92386439703834,5.3871408824420435,47.77249592513559,760.3518145869014
181.05135484945663,42.22631055025041,13.859459969809084,77.91259470541097,762.3019897257751
187.00157554813921,46.058902149308835,13.762411137770581,72.00817653083153,752.9732493722101
182.3017668883963,31.47594070465916,11.544188575091145,41.14146673487185,789.0325032468346
182.01468190955043,52.629572182286076,5.237331840103999,83.50927082360127,739.4464868201818
162.39012913112433,38.152353912680596,7.138505572710838,85.81993477845833,816.4418424966137
178.38938324668712,33.695545149427474,11.185475594904577,107.17768154655337,782.5593758257346
183.57246566171335,43.226136413312005,11.616979148392696,109.6437499356372,765.7746672304304
159.60287044525893,31.552217300446998,6.648888794382685,83.53947168420467,801.9091093333994
187.43227707560567,39.07025850840837,12.928354330201104,90.01366017830689,769.1706478997346
154.01564171772924,62.161123108580256,5.0835264364036945,81.19572392977221,774.7450094755311
170.58061872663433,65.10416160132723,7.099454228850081,109.3399904473405,775.3991626118542
195.4046385798931,54.413055919759216,13.068163224800337,89.05434951460076,725.8437716808608
168.69424087668233,43.56498616318762,13.398580952908883,98.54890018517057,770.3599835060783
177.66718540884222,67.24208352423388,10.015471971306136,104.81970166571669,743.1054358419651
173.2794251019145,36.67726222493569,8.055938142111245,105.47940846200005,781.7049537063773
169.32513964811517,41.0039087942082,12.693047383703188,95.84488408957483,763.835033509257
169.463630882836,31.768574272652227,13.743064998751025,111.85136030930474,779.8777570942891
167.89345101972236,59.39661880962525,6.407617034092315,93.65429827994734,783.7643025793766
188.5178030123933,59.0195913524274,11.80580120947053,75.9882225626143,723.9887001197657
185.87062171097944,56.515904805563515,6.4310297344451985,34.8186645247224,747.5177124626192
179.64469715851183,69.2302298671425,11.819548060815587,90.08707445155744,730.6132315916
154.58984363777856,54.793665945461356,8.314493210101274,81.3774096506065,779.8764617237792
154.97491096395618,67.69822509002077,14.18849510576506,104.61093624315197,756.3439966612492
163.60803307591345,42.75520038478136,7.0416511177477235,103.15579184742904,776.7802219790864
167.83136333890715,39.24582321547361,12.654872188492892,42.45229577911518,794.306292821661
159.02567400566832,36.29429725068882,9.368986318859697,102.00353697119266,781.9159823085577
193.4302073525977,55.15626042319485,13.163614093317516,38.06248616287127,729.9075720304237
184.6992096264448,50.21507859140292,14.998082563774082,48.21318405644928,746.0214577506049
185.27693143341025,63.83887821961459,14.932421108368096,50.72642412854673,736.5502757328157
175.84257184344153,44.64971468601203,6.3567153691757845,52.056992633037964,779.9574001321013
155.8031788557292,48.180175188356614,6.231831606021156,111.7172632216858,788.2796444065266
154.7415239985239,61.81812567137982,13.09585924479103,101.5932619318961,765.563636184935
186.36173066168823,40.368315631598755,5.909453114397712,106.07016349994547,752.0777064239801
171.7060244388196,65.85028785177639,7.460105504632427,73.87196352490261,758.9178824515016
163.56158215925169,68.9548761335648,11.612335993846342,114.75267613010124,772.1280224310349
159.5654982091674,68.33979485991603,9.747973351346486,117.41371595861692,759.5215091010147
155.70146860818997,55.10907764467499,10.546114377046708,37.38710963492693,780.7246286224286
177.00402893357028,58.809669897810465,8.838512507180049,102.90841089418043,762.3605620550838
155.4807238750593,48.253088189443496,8.540751348046403,72.62603886169347,795.8314471646215
191.57715655876734,64.26749576141754,13.01393723945868,63.35919134586466,734.379239051875
158.93435799007676,39.747686856096536,13.518274817507606,39.98547895693328,788.0263157884359
163.1186893597872,45.54373518091,6.912518079918537,32.03640995234508,786.5458097932807
159.48925932159082,45.34444244597224,13.58795447698959,33.77952167861961,761.5983172926501
181.80742341288163,43.85796788717082,14.474988881159002,78.09160747099777,768.6708895765847
183.46674756709996,32.57431353689344,6.060546076532085,99.99833404672938,774.9288768907679
155.73272627894775,50.20062362743827,10.294083288217,81.14752494836189,778.3257846024799
193.03156874708765,37.74270746757675,14.752565415194924,117.85304677096416,762.0311615203333
155.59202265947332,38.156154200731564,12.576511840849392,92.71440462914923,798.0375122685559
172.8730578239066,57.74027583158232,10.261104816062764,49.75417066852409,758.630267709101
185.8818706247656,60.428775502220816,5.18930354878364,37.43163312331982,748.3659187255156
151.4085489843217,37.87380196104985,13.519813481863054,81.72105596811687,802.6783581324502
158.197547557281,36.39899394896717,9.666017249999983,106.26838344104182,801.6146727836826
154.4433425725069,67.24260252264055,12.922317508478027,107.24850941515585,758.5554201824224
156.1984886041409,54.53332270106565,5.701515552013715,32.339868054410715,798.161946643201
184.8438230576711,35.41786772447162,11.81166719777884,102.69462276708848,753.2468560552038
173.14313985949923,60.65390638825828,10.289033296059978,87.12499066027607,763.097742602621
199.256169042044,30.18719695376458,6.967835710729215,38.915565479077955,760.4806116824806
160.02627413953283,34.71367448452305,6.282877251248045,100.28083416099962,795.9505674058464
151.00073323786117,51.98464339040022,5.5125570093024,74.70627622252681,797.946244945219
175.46523853346346,61.16898120106855,13.513114980065936,119.63254261800051,740.8250589240615
156.56230943580866,47.50394525593315,12.011468287122332,54.65511781535718,769.6591293950862
177.33386926492355,59.2323402246235,13.44151600592589,88.60708119573019,744.1075343364971
152.63413928773588,57.332796903265105,8.170892374659052,91.37848797976717,779.62196253858
168.6551841712013,56.38346780213397,14.364924189319728,56.542436086144995,760.4695699002438
166.17310112318114,30.238730093771345,8.22006130750086,93.62253240084095,787.2590767968085
192.05115527478856,54.19102398051394,5.941786370206495,82.7254008270288,745.6290698168763
182.68643125555673,42.97611480477954,12.944132985392915,35.24780763897315,751.648404792002
185.7997186683295,31.836738149903535,8.524431509051766,72.32423390869889,774.5096511549077
171.48822616484992,40.012812416638795,14.776301699420628,47.942386451837955,759.778677502243
161.42261730166442,30.838485011109125,14.111752774344671,46.1599396575807,782.717232722947
186.1660793525789,69.12416173462776,8.747680329168531,80.48768066753988,743.7063490288197
195.34266360815133,54.72721887923758,8.369732415802229,39.6362651065934,741.6895149154443
162.85413264008267,58.55996214752366,6.733546335303258,90.8310987475635,771.1731313688869
160.65517290245532,52.91018458367207,14.989510221982297,55.010023273942906,788.8609146757041
161.82015660623588,31.8170006956867,5.880945621411888,89.86667909101281,823.0122674951268
167.25634004505872,46.50574077950757,11.297920974224898,99.02262158928995,778.1159578391649
178.96904815061728,33.57575401920715,8.017682345417922,106.41278553264118,796.2132728304833
183.43405120866225,65.22350474301152,9.538463737088515,105.6678965444434,719.8645056602229
185.44537358900476,49.76074211103439,7.695047465396615,46.08225205424252,763.9147200710387
178.0103665662711,53.18387122474645,11.139476286819967,65.96956956021694,757.9942097988605
196.8928398246257,68.59593283692871,6.511725529746974,85.71969698526053,718.8430395533743
185.31038535532792,68.01457944441489,11.370514341603943,91.80353158054155,724.5037864417166
160.97688390040472,62.95954735979634,6.4415733565964395,67.01714973467334,762.1486888697373
188.7196470189767,43.29231184421877,14.106791327510864,52.29693102784885,737.6112678683716
166.2277605501493,36.12715318621555,14.920172611890244,91.10647498743357,760.5236386743815
180.15690684344779,63.075050987834594,11.819707767879127,110.74096794685619,743.2218663515828
177.30088252336301,42.40870023267598,5.990511279553884,49.57250453648211,776.9872707358262
158.2741658741075,50.84338378045412,10.208455006837148,81.16228502223906,789.8811568824556
162.05391048268007,42.975102847721736,9.193680206038248,62.77786947053167,784.3262181461016
173.32408060621518,59.40119682127566,12.39904819849961,41.94849130919666,762.1596344759766
152.90010956740593,67.26325435886105,10.501450862045044,72.92311348948476,770.6774672708972
163.89609120801262,33.86489889022065,5.10487272023793,42.626173060008576,784.1165574133587
163.58314612747856,58.68061132943215,11.1810553741799,75.9378000419635,769.0829296997034
157.99476632909366,43.75973584507774,7.103238591733887,79.97842734564776,794.779020506523
151.44943699320555,37.251060742696566,5.130897955319199,57.71404767389144,812.4534678000235
197.851667043511,32.98627375594014,8.875148215878234,45.1505597005235,767.7455461682107
154.94971395924117,63.8669435876388,7.064367461383569,79.3310312357198,775.8930617491286
176.15331873584728,66.53172041109356,8.134041271363458,108.4153637797795,749.0805386345321
199.13026882139488,67.86526533770795,9.20444950377647,106.25002137346884,722.6517616564329
151.24088964591556,39.476765089490826,11.8876122140734,98.40290214808527,782.6346548188978
156.8554866087069,61.674685700519035,10.122271330284528,92.54455353767464,779.0362437764738
169.68787629139277,59.5066073748845,11.739911520250736,111.59249596195355,763.2177904022147
193.04215011597202,56.668491056286726,9.995144954158697,63.228100508340894,745.5222216240533
164.36413675227806,43.95147450208722,5.647267051706962,104.89634409917207,784.4929476481963
164.17613698550431,32.108200209568786,11.086549971050635,71.28639315541767,795.7468600860318
190.3326583320321,67.50094844631812,7.982683060633958,41.528880450092906,746.4183831667156
185.4853172676545,42.29264505220858,11.604328359290736,54.62285870908531,766.1417852760763
160.4836825317238,66.5396247302395,9.338487541524952,79.58905661859215,764.1031923458975
159.38823880415242,32.55830744670748,14.054831544909579,104.40967197884828,802.7779655195619
180.1287829413255,35.00385749001839,11.829926503796592,74.31520191717513,779.0051278932779
162.74897991494797,63.765685056551604,6.573977961550588,100.70333538026313,780.0010225047164
197.1440096321069,35.745022759463545,14.022339673586552,88.16025462674709,721.6640056497216
175.89119120065345,68.37984860374294,12.768436843248576,36.23294036812352,734.085852654032
158.8170755685943,33.22571450376087,9.050713186678896,94.21175480824228,804.2925628271698
160.64419186721327,61.68503870201467,9.718598896062765,69.90006034959005,780.963846217358
169.0750434570958,42.21080123728876,8.72076068119788,88.21092143950497,769.6566782433434
198.45406922534218,46.7829387461628,11.28065048479184,68.46251106520745,759.5923016583208
187.86508527042884,57.87615415741391,10.874489602216128,84.27556383281537,736.0982020983083
162.63397200070318,50.91833567877612,5.355633019931348,87.36687975761227,796.0461665820563
198.07468055904422,56.47294748391974,12.740106069936314,66.83089251203151,717.6107164229447
155.39287407680172,46.831330153899444,7.8006559566070806,73.28375589312873,792.7765755302177
168.47899596122767,37.5748427547899,10.679496009863474,68.85413559255794,777.7370557347159
199.8762311827341,62.931734765775865,9.417987609445998,110.041719265771,715.4617624311056
179.54266131691477,31.818815520692127,6.052008449231857,34.50488311110281,784.3171860642797
198.43258805945896,47.53344270559501,12.152925325842398,32.72465680201577,732.3022898303838
162.88795997756966,64.62560419593045,11.85237394640073,76.96910074453122,759.2912842512173
186.57592317825433,31.53912322177653,5.4141642036218505,51.00612689511437,773.621578667799
157.4207933590161,33.36574515284929,9.080743662132088,65.599021586561,788.1697662077854
180.5344246938597,59.08883707108278,5.749905838989698,87.36121909928545,751.3016001384058
190.49322045544505,35.460243854066626,6.218796383589332,88.67108600926016,761.8545267255549
172.92544625778092,65.06636561288298,7.011040322708869,70.60171092089871,767.3457291379974
179.78716082318505,44.097231496886934,8.526165437862215,49.50700143804304,757.0041203980404
165.87878058564183,49.58386797503013,7.088071327584654,34.085861129402495,778.8767631359174
165.80940678104525,30.655983539398896,11.112294174127026,54.80185060631993,802.8689995844338
172.0920728266869,36.36082327123522,12.191316443811088,31.81775276458208,765.0473422957186
189.56341157278098,38.36990613755326,7.982509156391304,84.43919868631218,771.6337462962557
199.1057132349215,47.968444156534176,10.648715850978668,108.11647823715359,723.4584436162294
178.69015143903616,40.53935181550008,14.485718299304773,109.40969797284131,775.6293168015878
198.31916635454633,63.06857446583427,9.341701275014243,54.148410137374,746.1980595758723
152.00058365583138,33.93573644607003,11.006099886731263,57.51080077252358,805.0899870230975
198.7058283255647,37.34372720810103,8.223841261201773,49.81951204292334,745.9582779541179
184.43813491647887,63.61516519191917,11.681715897631495,116.87268424020114,742.3665958967053
190.291493313953,39.633188988427705,12.02120516275233,97.39750946372575,758.5116459757537
189.41315349058533,41.16616694250868,8.346517128444296,113.879732011756,755.5423649407387
154.07958343649594,44.9792089475488,8.808240536308038,65.20357982795755,778.2193763069587
153.8589388526046,66.61426563053331,9.311537673372555,45.5041411399356,757.9700035566158
151.28003681266642,46.8294066714617,9.602187256157032,66.21857331335755,779.3307507278233
192.61116192212754,65.64901208875582,13.745266587445068,45.68792813421145,749.41744499219
183.26476256398232,55.61194661536763,12.436441611863103,45.75195750627505,747.7639534995064
176.50865267324042,44.514832832047176,10.659999999702826,60.57623375385603,774.7258520642637
158.31035462252274,47.52710679208968,9.521124840990911,112.6349398770774,804.7847026996146
183.6058740654789,66.99171457285539,8.520712085596607,39.57318558767281,737.2762870685216
165.2058179788122,30.936754367682514,14.579679002899635,96.88933268443026,795.0321491724452
164.97280531576993,41.81516269555033,7.948010885646114,53.23251558064007,779.9485276310343
191.39995158381618,44.57874002109092,10.468580496412104,39.59817861033641,749.3926419211574
197.56482548694783,45.90604802590467,13.803705307955205,103.45643420526669,755.669295967566
163.91877384462055,41.709827269358655,14.168310768362206,98.32153319080793,789.2576280431808
165.22505132985074,33.372267891305526,9.708681483900428,90.83369081087258,790.9997489725752
150.6643878563441,67.12270866604784,10.392889685836012,30.84266876671379,761.4726858762408
164.01574031585838,61.23398689339512,11.246284782250218,63.51090054049089,772.9753667981757
198.31480444153502,49.103465784739626,5.056057810321005,67.82029050468651,736.2179074460914
180.32090306895057,59.90520710311095,12.078236701063853,75.64445593121167,751.9755499188033
198.7607821141659,35.99262086147449,7.101638488993933,113.99227682410294,779.0360912427833
187.01679550168538,53.2765982436413,12.969432918073403,56.50243079423416,737.6784249190982
177.0712576209774,63.24840159350701,6.989004329549427,103.02866413821188,763.3721883723308
176.1291175271814,63.15070217877205,7.359761262832903,83.08505131594828,764.2827225650664
196.31719568216468,53.25217568737494,7.685217741043298,49.04308829833984,763.031405216671
177.4462185705525,66.31441861855637,9.555354737141233,47.95388805300469,749.0004038502032
153.54002033342914,66.13732962830534,11.699902779498832,63.33536037654769,768.4019517581239
170.62486266041572,64.45958526011364,10.5846297555936,90.47377376151113,752.8180350999191
160.26404479391093,64.96777146246168,6.878883975053849,115.01109923715457,751.9700180243527
163.1509099613824,54.40042276730985,6.123824922063006,118.8620923453986,758.4334574066978
184.68495072326863,67.33110808779111,10.970203451998598,118.13679696624216,719.8845792947585
166.096922761239,46.66541731758309,12.106998567230129,60.27694933583978,779.6922005522786
166.19132103537916,56.50854163907316,5.462129204490981,118.16931065927449,779.8190878139142
166.34921902997533,32.44298376569199,10.641027459482043,96.66920457214326,797.3355060357763
156.60200667298042,39.26384091288064,6.076574418435521,74.17622385553818,792.4018866929908
193.2883559791049,43.35826647712892,6.996885154591573,48.51688214452931,767.4691627092033
171.7149081120021,59.51733226264149,10.34288762288712,66.34368955839467,768.5543949192488
193.3120758967131,30.161245306377523,11.078677923264257,87.38406808573598,781.2909745863734
178.32087217015962,50.81954262210985,12.200353139906504,115.96070977344078,759.1087836693977
161.25603637752323,42.1455353938529,8.237950889072406,75.82687142478477,787.870741237622
194.3901901190656,58.812569807965076,12.710925190711034,84.48507381548526,740.892133568858
184.08362792722056,61.08185336550596,7.445228822741284,38.61366556627917,732.9122588726049
156.25931606523778,31.195005967424887,14.446736405911842,119.18798889331481,796.6129767355225
175.25144742559178,36.34756091681305,8.199588667054066,79.7865230895996,791.716320569978
165.52932538419353,54.0457428621328,14.564530761372968,51.33459776517719,776.4202011759953
188.64566700010457,60.88533407754379,5.112830455472995,74.13507099823826,731.2705197621389
196.03972226035188,45.63564267557118,8.549148370521188,104.81418801935666,754.9957373877173
195.87962852462624,39.66785897912419,6.853047145984147,78.80202443482105,752.1873860924072
181.87635386321838,45.553799840851305,9.034567956921741,96.72281526028603,770.1822926475753
168.07168262889596,33.540252758243085,9.590303962601254,96.66633965385421,792.3989082773544
188.15686501261027,69.82130928706766,5.5791260172181945,101.50392855205821,739.8492823557674
180.98511685032582,69.1052760450046,13.27032158651295,39.8230667407567,738.7608041308614
188.40906936760783,53.54176503389993,10.199135929260748,118.92173627796022,743.6560057440118
170.048205515845,36.952909288469534,10.349086838108489,88.7572991398246,798.823259137214
150.69190050709545,41.59207045905458,10.917145504241986,99.42417318120594,783.1490385848057
171.57722411983565,53.06152591214241,5.549674579504298,47.416305072623985,789.0698121161608
168.02756831698014,38.780587994640584,12.783228512080827,35.16585396144675,769.578806909905
150.01232516817043,50.461630915817864,7.926529266318843,51.90791912097707,792.86272889868
198.72201801697585,66.8060592677246,13.359772330634685,108.64113999604876,707.2860014596496
158.52458399397926,64.9312189796911,8.300260141518102,113.49403930094454,777.5876846559846
180.9419248966679,35.341588170845554,5.531160140398402,42.78211184797738,747.4543385999435
181.89746783256683,38.31347391260425,13.012310470409888,108.59409417317758,782.3078524184712
155.97855794781972,45.44869887611294,8.683979253134371,99.13854540354609,799.0780032358136
155.50509817819878,43.69553412926719,7.420779340176967,50.33411147107627,797.2105477354986
161.50044263640905,48.5517976551154,11.661620044123241,85.89065030866917,783.0471636078514
179.0278522504351,39.075946205401216,11.264991719375796,64.33629694288054,776.1691342535471
163.02685904896774,41.58016842675154,7.304816381119679,88.28207738574582,791.4827060201615
155.54034496710392,65.56151143401422,7.2055322467847995,90.54565096006581,772.4700463187781
191.3383480748681,68.07694842569587,11.607964147276173,86.80320552818115,727.3135011893946
159.61375615961248,46.53450898672128,9.788064281897084,103.95314283788032,771.1833645861201
160.3844543447249,50.770397983702175,12.58385636695574,69.22693481883749,780.2478920923785
165.623542171888,67.09593693546864,6.145478292344734,31.078250265168485,759.0326902271597
165.6833538330522,69.03767202032004,14.073372031648452,79.63105489489278,761.563075488685
196.5951172408577,59.865517997408894,11.38083707561701,30.40536627898108,733.777389643466
185.48821639592754,65.41607804581999,13.189931304593937,59.588866134536254,746.1522016443596
194.74410489372144,64.27728351344096,13.424066194457625,50.8087187715831,735.1351538114687
195.4780341575807,51.53336267603273,7.1235869316711975,86.59762543167321,740.8591930604639
166.07604494784377,49.53806085433462,7.2416472090875805,111.89396373388081,771.6194860583679
187.79937248180852,56.32932405441331,9.506147867413699,60.15412569762897,756.0053452463459
185.44698950219873,35.6178645064983,7.148338298023389,51.51948234157234,773.0241209502532
183.78146626628612,69.44829203715409,14.6881951775548,32.009551748397115,742.8890715148649
190.219816366256,46.77472493606146,11.106737729822317,76.56977689113332,755.2081057750371
166.64054481950916,56.611071801992196,14.628053092554717,33.823832512150325,749.2584590154424
188.07028897320163,44.66688358674743,13.742492225639928,34.62980202078882,747.3914859123806
183.8318875791743,68.71875302364438,5.67263498059022,93.20718329483361,746.0685803887739
188.40908107651077,45.03070484188365,14.3681612362822,48.28229343008779,736.1418421325386
191.5399520038867,34.00800478256293,10.43209749007563,96.65472278985753,773.2360354451479
175.12609578802716,60.599115031687774,13.043671260145157,92.04512923467752,744.5090815809087
153.0943419359699,54.568129803745535,10.186062956861013,82.6719191365496,775.6257040265276
188.11303505962746,56.489694836947095,10.433506881617104,51.86528674409116,733.3196805023377
158.66761356374383,37.003830320928486,10.206803347835159,33.092095063589376,797.8068955297866
177.9714773967164,48.90383167975062,6.920735254335258,45.89694641765023,780.1129288009524
157.143434666127,68.56278245830836,12.215782158691146,51.307783639830454,765.9371732494958
199.35533333093875,65.75776210151109,12.192521470004985,39.39203327953028,726.0170072967741
175.37973321601316,52.432185842518564,13.361892723395814,79.72633494665934,762.5921811641829
190.2151134925914,49.03488980341327,11.773817260861195,63.38719017394724,740.5794639484257
179.73136116613546,56.52293087771603,12.170460836605864,52.75692491703052,769.7356014255715
156.39390783742687,51.3531756753719,12.883460435576136,56.73250988908897,773.1313092167265
177.5806082065738,54.81842068124117,9.744210743281029,102.77348894722506,762.8650930284205
156.07128517700963,60.25593199436372,12.23077748907534,52.78256420850022,748.1068532596063
166.82915695148486,40.95077892088881,10.462573011525151,76.2301407454247,786.5321912039619
176.52690439354515,53.53108059328559,8.27325387799652,63.19924456575371,770.1579574768137
186.07351729644506,56.968310993633985,9.004135914217182,47.403636379929814,749.6127154049797
189.31926797047413,33.98333943817917,10.735815682040732,110.48949694661016,758.0367376593234
173.75522157195897,62.16810512780617,13.01673285495069,42.79895537021542,761.018883760511
185.8637936442977,57.92788859383842,11.068402791487228,100.21822470723055,726.6955230866357
184.89246664622536,67.14486626210156,9.963835054199574,43.01687776948498,726.383066859232
168.199159630122,66.17526489488161,9.593192640901755,97.5494612394149,750.4059353263793
169.90968795840436,30.426194794720097,5.4915125779771,53.312646388990835,791.8144854555426
185.39059086155643,60.214277982814345,14.361681120005539,100.985029113867,738.8130693922628
159.25301683827678,37.392926729168074,11.504189403829015,117.05807583357367,782.0287964636007
184.79066686298358,63.364773071836886,7.057427894759982,118.87715283235954,737.6485609959776
185.33893221503243,64.02318109444607,7.9126553736142204,43.074623416513774,728.6797961227998
194.96280580271275,64.88649619005662,9.359874565861972,80.74670454165016,735.5246422378002
183.9255643057566,62.4133943168732,6.53062829757486,43.650117499478135,725.6860831899489
171.48984576117883,51.53555727012882,11.933012321095603,59.401963873969045,774.49116187106
177.40468840041603,45.16187508545512,5.479849901452286,51.89900236000133,783.0733474649771
171.78180911677546,68.55057428537899,13.313790592527257,88.13914883923869,754.9371096699961
199.77684549065546,62.62532494402054,12.80214063336759,98.11866922662072,736.2143167919271
186.50923823635293,61.28630720848895,10.000388761088363,109.0612260374141,756.648889774897
165.17180364966535,55.00918548100399,7.3902025680316825,102.70902397608542,774.7132829224589
166.11268274742062,63.95959130125972,14.082800226196914,78.3973911356044,758.5759532577305
172.30824970670432,32.712027687025,11.426887822273445,42.624746102246064,791.8546727826405
151.40567996340167,38.630850799836395,5.458703000045944,115.07839323986076,819.7068886144153
181.62818671940923,69.66852111000668,5.290249746031426,69.21401721203385,735.1974974706035
160.6123906390887,69.37281999645936,9.723894842812328,92.82269728080446,768.6968571501144
175.4729089751472,45.01455846320938,12.133486309117705,57.07164111164744,770.5256261198473
190.75078317409807,52.73488759980357,10.707312930411755,115.73086418340174,751.8110888790059
164.3699265949851,55.35492608109865,7.778537582795239,81.92135774688266,783.351799668139
152.71690853950912,53.340357451821205,12.511282604934344,88.19893434315536,779.6887240220923
156.97717994258122,38.48653533331096,13.826357707102288,50.44051462626301,803.4869519544105
158.5132178913915,38.08130967194964,8.921481702863623,75.53702890354452,793.9623938530732
189.9345309966217,43.079017231516445,11.248473751153304,81.76195939435908,764.5328420302932
161.98315363695377,59.14974135386964,13.250383288746011,106.47289239104445,774.5834558374876
166.66909531915456,59.07917760010591,9.84851886731948,80.90193734774269,766.2162988045067
169.47345187011268,47.57409289713516,7.9666015804469374,79.16296222330797,795.5496368832095
193.79877974400964,42.271583457877966,14.198619529022837,79.54223556642891,755.2620495696691
184.99289275495374,34.960654031872444,6.0006143853371805,108.95694695316452,790.4102407822596
150.48193172030864,45.7925863910921,12.10002742261188,83.88291802286506,793.1456997365307
197.29913935944128,35.83799714460673,11.598196402437308,69.27877745192507,745.4537485247156
167.7514046278461,52.03876059815102,9.823805568404868,58.14192767599442,769.5084302542208
179.91438542825514,59.99754251616915,6.197489911028416,50.508063966162325,744.6653350150924
151.87955542275117,49.5774168021521,14.780308948915872,55.55917927696332,777.3648930938626
181.11601129683186,32.27110119554927,14.385041224932,106.67968555979822,751.5306283376584
152.83468913898494,31.034113715638412,8.349467053757161,119.3606475976487,818.2477514681121
188.272393248197,66.93273421205203,14.668839436199734,77.23414048443965,720.0469888233382
153.14141366789718,42.26864306108635,9.565751857180828,110.39494107988067,808.3116008654152
155.09360430813547,39.05072260509717,5.188348337886342,115.53615969285622,799.743830630231
162.29030926271903,63.24657548189209,8.299233718703801,97.81883780532928,754.0026011287019
183.19542839706997,37.62027686007321,8.16998439209123,107.09831796512506,783.9111027432554
176.84304180975715,36.55123035113273,10.688193522485438,32.062986963663725,780.3007268840043
157.77873126025068,56.85659942313247,13.28751580769762,90.54851932730973,778.9200941780613
181.7127342850034,37.46792495081604,7.279532866127786,65.97596610990308,780.6896407804077
151.08883815872758,46.129225621522025,12.954452140231606,37.70269245235858,770.553293323528
181.84197244952415,57.885068012657165,9.226721792449991,34.81584326302349,748.0168751715535
180.1486231188413,47.37459152465564,8.284927650459272,49.43744567856993,755.5612077614906
182.4058795028992,38.00546902319124,10.378535515613734,41.95838899840246,770.3018561755525
195.67629406802251,31.95541516866943,8.364308763347173,73.46856506865564,761.8455979261631
156.37166233998315,51.877287162547255,5.5741495085943455,111.04570311644083,787.0765162912917
172.4296287832831,56.394807780554466,14.863703498699817,43.31383140764554,762.5109794949452
176.90881332263746,36.56829792321698,10.410673555844436,46.375661507100446,782.5116139155315
195.95918942081988,32.950530415028226,13.167224842496099,56.269766144169694,756.2997838475835
152.27982069000413,42.860067239863625,9.740519388081648,42.17115300071127,774.9666507868934
182.66833672359843,62.83702934789113,6.158886174849007,71.4838839203621,752.4083906691312
168.04310197834377,60.82916868031319,10.238226050915504,82.16802240554526,765.045795924256
186.57069147548208,66.83704647228285,12.08449146096095,107.90551000625184,753.9029049007688
198.03948021765515,42.67854916804659,6.756733930575124,47.09376937075726,733.2048901373089
195.80987784044274,39.517455017574335,6.984172160096493,71.95703524471917,752.3956808850533
188.52770925753805,48.91766516635533,7.985891925855887,65.41095111642082,760.2399534673516
196.9371824485404,39.59688599242908,12.910218202177873,87.6244939365655,755.9659595584272
169.42376315183887,52.35265595971693,9.567090610243152,43.43844199394215,764.6674156206647
188.82423636514454,55.89193894521117,9.07596444761437,36.32223591438621,731.8957348155312
199.59625946151127,59.09930741800848,7.0280960092880544,43.379623416821694,724.9988862035251
197.46833588226897,59.408519144168324,12.208447240043176,64.7292475836706,736.6828240598218
179.0206235973314,68.62435849947968,14.221047602197327,116.49400449721587,732.5621894053211
196.37794766214859,34.54973136428666,6.887329668245393,67.38801914986337,765.8362650899334
194.9930152193178,34.50820501691387,6.112385110550143,118.53156056207555,752.5458607189883
189.95825672024262,65.10070265518546,7.5766988093735765,36.42791863770998,733.9479657383788
189.91998820298468,62.81556171904518,10.39641760960573,103.6498449315027,721.4397813375563
170.96388909081574,43.90162592379358,5.8459008370988155,64.51846517663364,772.9473794954283
159.96599646125756,57.47361382019744,5.270226740713259,118.30884237361369,769.4026284236716
197.8295420939799,47.08182315447186,6.624031214034691,104.45532152224884,761.0500123041713
155.71583605549426,61.72648551838698,10.062727869460712,43.117926626644156,755.7507945635766
195.21482401658432,34.70877294245773,11.685103579006867,92.3006225317342,759.9590806149973
179.99774964431018,44.52993027620049,7.455152454820874,79.28203619251269,772.0407725722102
172.93930940323332,52.90194660692509,8.1017179789428,42.04224767008535,773.4130915535626
158.04867597555122,40.07060143404409,11.38866437543829,31.274429596699616,802.151798242784
168.05371556685284,31.15413008044163,12.829453857900338,38.96940912986537,804.9421165283178
156.76931666117827,44.583683038718156,8.162702168322127,117.06022096085414,774.7828151596111
155.272190992873,60.14116028735027,5.824975931257712,95.609447265846,775.3250990173003
170.6700816441816,63.21616703006895,8.844948938238549,57.27065980439595,757.8727905506058
195.95949883157346,54.52655714496757,8.71156518933433,42.84742243978673,740.8083307370638
198.5262769008579,35.5956693440099,5.996839241858093,93.82894283605863,755.1444835156664
178.4420276117197,66.94321714265517,5.594084135132993,64.27561169556184,735.6510536088467
180.3359175797779,69.3395562065129,7.698403939019787,72.9359967463056,739.3855368092077
166.51973563176293,31.286949729386112,6.7852927334474575,103.11972993871187,785.9910546790552
151.2818930349794,42.66280527246219,7.745365856128137,117.3629733239234,812.5097980466093
172.016276074748,48.90286887611279,7.849188495932435,103.50307766047094,763.1016339494232
181.3755112191594,35.9875461376472,14.231396845371261,74.90557461384186,781.19578458674
190.08560326228672,58.57379397795334,5.376044171214156,118.10899208886141,743.6550652547153
164.19393155443572,54.07947094018494,12.542776256266883,32.2687649890192,770.5512509613019
163.69832370425618,46.55320927106374,8.16418895856991,38.07675473427945,770.8197037293203
195.880700706225,39.15378839308024,8.701634243255697,69.1855467378494,751.916428127177
173.61143135194402,55.210454136293066,13.714395530987334,45.62356496692724,772.3794685853052
164.167101343993,60.225155807506574,8.590725008734902,79.48218005747067,754.6785570693786
169.884206193867,43.28881593994973,14.497882664419205,80.95268130622807,765.9600253551854
179.2584096386667,58.2797330170532,13.315440631751777,60.82929923143218,732.8444695105651
157.0562944212232,69.99610623009431,5.871810204652559,47.81142614247176,754.4656698972076
188.10561353225452,30.842203146460776,9.169338600580938,65.0397072051876,771.9802557677357
190.63828339917734,32.67721767430923,11.231043217517566,80.21136595078337,762.9115274056095
177.9103391935022,58.00527006804815,13.919932880586405,115.14928204818479,758.7926108001755
175.07138238486255,55.43782595488628,14.157318472509058,111.26331083621123,756.8156481519871
160.10812419655477,35.380350698600004,9.37017222649207,51.415256516748315,778.6326642251782
168.66930029627832,34.141065661986346,10.211188803943738,68.12747609859218,787.3883745789167
165.82410499200046,53.341241547788286,14.746548852566587,113.282491293877,774.242741115303
171.41612682622764,32.370933762008164,5.398254452860717,112.56115416688247,783.557848816326
155.68736234040674,32.0860553499424,14.497085769489813,111.87936865539699,790.7761833950641
165.8216545173344,51.439426248402015,10.959951979634699,113.29138181932323,779.3897790568072
182.36864363695972,53.295622500162914,13.866272718002202,68.55026245065216,764.6775327185563
183.04412008358088,47.02364290453889,8.972356156275257,93.26288561444437,764.0884964629213
195.01099020099775,38.64254632879899,11.193118679488254,88.09874813012553,764.1376113812829
157.53693991919488,39.59154240963339,5.334684250084658,86.2487577729759,803.9958328926217
179.8539426772666,58.14657639396757,14.011452689950914,47.48303445287927,738.0804411602138
185.474822104988,57.56027246111543,8.751442365871068,65.96324571008813,760.1195854098844
194.22634542662985,57.194464000768356,11.170330509459832,84.65305488027437,741.7387044762639
165.52938294928492,58.016209414381564,7.016884052947429,63.1559584008126,783.8472787518455
182.24122490146345,33.51379231782998,6.2110211201928776,81.36554555719705,791.8667703307821
